"tree","site","n_points","circle_diameter_mm","circle_rms_mm","coverage_deg"
"180904","Dendrometer",44909,454.3,27.71,359.7
"180904","PaintMarker",57346,454.1,26.63,359.9
"180910","Dendrometer",31445,458.9,10.64,359.6
"180910","PaintMarker",26247,487.5,11.27,359.7
"1993","LowerFlag",451598,2349.5,130.85,352
"1993","PaintMarker",56862,2232.4,76.81,346.6
"1993","TopFlag",81413,2263.6,76.3,355.6
"2033","LowerFlag",694771,2493.3,169.54,360
"2033","TopFlag",180236,2326.6,134.02,359.9
"2683","Dendrometer",36641,431.9,12.05,359.5
"2683","PaintMarker",40925,436.1,11.92,359.8
"3031","Dendrometer",49207,711.1,14.72,359.6
"3031","PaintMarker",91903,682.8,20.09,359.9
"3853","Dendrometer",205087,1298.9,37.36,359.8
"4092","TopFlag",113276,1547.6,32.3,359.5
"4146","PaintMarker",233592,1605.1,33.54,359.9
"4146","TopFlag",142331,1605.3,23.24,359.9
"4524","LowerFlag",282509,1005.4,67.68,359.5
"4524","PaintMarker",352058,997.4,60.55,359.8
"4524","TopFlag",124631,998.2,35.46,357.4
"4694","LowerFlag",329444,1887.8,128.21,359.9
"4694","PaintMarker",296145,1813.7,108.72,359.9
"4694","TopFlag",161674,1818,114.8,359.6
"5027","LowerFlag",357877,1344.8,69.75,360
"5027","PaintMarker",330774,1340.2,61.58,360
"5213","LowerFlag",377834,1989.9,253.98,343.4
"5213","TopFlag",117652,2055.9,222.1,331.7
"5926","LowerFlag",195304,1895.8,212.53,353.1
"5926","TopFlag",229037,1782.3,101.76,359.9
"5943","Dendrometer",85004,946.4,16.6,359.8
"5943","PaintMarker",94275,950.6,17.29,359.8
"6647","LowerFlag",403028,1750,93.83,359.9
"6740","LowerFlag",303588,2319.2,121.77,358.1
"6740","TopFlag",108993,2210.7,90.7,343.1
"6883","LowerFlag",243818,1783.2,70.53,343.1
"7163","LowerFlag",311111,1816,84.95,359.9
"7163","PaintMarker",233373,1769.3,83.9,359.6
"7163","TopFlag",208656,1767.5,80.91,359.4
"7772","LowerFlag",294013,1585.5,52.01,359.9
"7772","PaintMarker",127411,1567.1,37.15,347.7
"7772","TopFlag",89797,1559.6,33.95,336.3
