"set","method","n","bias","MAE","RMSE","MAPE"
"all trees","Circle",18,-12.3886370277778,29.6521538722222,38.6359792844971,3.22198630299806
"all trees","ForestScanner",11,-353.572315136364,353.572315136364,604.025515915052,22.9656770648648
"all trees","Python",18,75.6113629722222,75.6113629722222,105.280170325264,6.85438747700989
"all trees","R",18,42.4669185277778,43.7224640277778,66.3051196108305,4.1346897329238
"excl. flagged rings","Circle",17,-9.52914508823529,27.8081629235294,36.9007413562523,3.07236223475453
"excl. flagged rings","ForestScanner",11,-353.572315136364,353.572315136364,604.025515915052,22.9656770648648
"excl. flagged rings","Python",17,72.9414431470588,72.9414431470588,104.281704657567,6.58484127166554
"excl. flagged rings","R",17,41.6355607941177,42.9649619117647,66.8321338521407,4.06321757332375
"by size: DAB (above buttress)","Circle",7,-5.71428571428571,38.8571428571429,51.6499204812,2.42622747210391
"by size: DAB (above buttress)","ForestScanner",5,-680.66,680.66,881.111058834242,40.8804943650559
"by size: DAB (above buttress)","Python",7,141.428571428571,141.428571428571,161.327528427641,8.63791092235203
"by size: DAB (above buttress)","R",7,78.1857142857143,78.9,100.773444631297,4.73364613815236
"by size: DBH","Circle",11,-16.6359515,23.7944336090909,27.2951879123868,3.72837828629433
"by size: DBH","ForestScanner",6,-80.9992444166666,80.9992444166666,148.060557791341,8.03666264803879
"by size: DBH","Python",11,33.7276848636364,33.7276848636364,39.6856474478409,5.71941801179216
"by size: DBH","R",11,19.7367757727273,21.3367593181818,27.0481556402273,3.75353565686926
