"tag","census","date","column","value","reason"
"1993",6,2010-12-23,"old",1953,"pre-relocation reference: census-1 value paired with a new value at the new mark height"
"1993",7,2011-07-06,"old",1953,"pre-relocation reference: census-1 value paired with a new value at the new mark height"
"1993",8,2011-12-27,"old",1953,"pre-relocation reference: census-1 value paired with a new value at the new mark height"
"1993",9,2012-08-07,"old",1953,"pre-relocation reference: census-1 value paired with a new value at the new mark height"
"1993",11,2013-08-01,"pair (C. Consecutive reference)",208,"pair at different mark heights (1.30 m and 6.90 m)"
"1993",23,2019-12-12,"old",0,"entry error: below 0.75 x the tag's median (2005 mm)"
"2033",6,2010-12-23,"old",1690,"pre-relocation reference: census-1 value paired with a new value at the new mark height"
"2033",6,2010-12-23,"new",2737,"tree 2033: 2700 mm or more (2010-2016) conflicts with 2160-2261 mm at the same mark from 2021"
"2033",7,2011-07-06,"old",1690,"pre-relocation reference: census-1 value paired with a new value at the new mark height"
"2033",7,2011-07-06,"new",2831,"tree 2033: 2700 mm or more (2010-2016) conflicts with 2160-2261 mm at the same mark from 2021"
"2033",9,2012-08-07,"old",1690,"pre-relocation reference: census-1 value paired with a new value at the new mark height"
"2033",9,2012-08-07,"new",2720,"tree 2033: 2700 mm or more (2010-2016) conflicts with 2160-2261 mm at the same mark from 2021"
"2033",17,2016-07-20,"new",2840,"tree 2033: 2700 mm or more (2010-2016) conflicts with 2160-2261 mm at the same mark from 2021"
"2033",18,2016-12-05,"old",2840,"tree 2033: 2700 mm or more (2010-2016) conflicts with 2160-2261 mm at the same mark from 2021"
"2033",19,2017-07-27,"old",2840,"tree 2033: 2700 mm or more (2010-2016) conflicts with 2160-2261 mm at the same mark from 2021"
"2033",20,2017-11-22,"old",2840,"tree 2033: 2700 mm or more (2010-2016) conflicts with 2160-2261 mm at the same mark from 2021"
"2033",21,2018-08-06,"old",2840,"tree 2033: 2700 mm or more (2010-2016) conflicts with 2160-2261 mm at the same mark from 2021"
"2033",22,2018-12-05,"old",2840,"tree 2033: 2700 mm or more (2010-2016) conflicts with 2160-2261 mm at the same mark from 2021"
"2033",23,2019-12-05,"old",2840,"tree 2033: 2700 mm or more (2010-2016) conflicts with 2160-2261 mm at the same mark from 2021"
"2033",25,2021-12-20,"pair (C. Consecutive reference)",470,"pair at different mark heights (1.30 m and 6.70 m)"
"3853",23,2019-11-20,"new",889,"entry error: below 0.75 x the tag's median (1292 mm)"
"4146",6,2010-12-17,"old",1520,"pre-relocation reference: census-1 value paired with a new value at the new mark height"
"4146",7,2011-07-05,"old",1520,"pre-relocation reference: census-1 value paired with a new value at the new mark height"
"4146",8,2011-12-30,"old",1520,"pre-relocation reference: census-1 value paired with a new value at the new mark height"
"4146",9,2012-08-06,"old",1520,"pre-relocation reference: census-1 value paired with a new value at the new mark height"
"4146",11,2013-07-31,"pair (C. Consecutive reference)",12,"pair at different mark heights (1.30 m and 6.80 m)"
"4524",6,2010-12-16,"old",956,"pre-relocation reference: census-1 value paired with a new value at the new mark height"
"4524",7,2011-07-04,"old",956,"pre-relocation reference: census-1 value paired with a new value at the new mark height"
"4524",8,2011-12-30,"old",956,"pre-relocation reference: census-1 value paired with a new value at the new mark height"
"4524",9,2012-08-03,"old",956,"pre-relocation reference: census-1 value paired with a new value at the new mark height"
"4524",12,2013-12-16,"pair (C. Consecutive reference)",31,"pair at different mark heights (1.60 m and 7.20 m)"
"4524",23,2019-12-05,"new",63,"entry error: below 0.75 x the tag's median (995 mm)"
"4694",6,2010-12-16,"old",1670,"pre-relocation reference: census-1 value paired with a new value at the new mark height"
"4694",7,2011-07-04,"old",1670,"pre-relocation reference: census-1 value paired with a new value at the new mark height"
"4694",8,2011-12-30,"old",1670,"pre-relocation reference: census-1 value paired with a new value at the new mark height"
"4694",9,2012-08-03,"old",1670,"pre-relocation reference: census-1 value paired with a new value at the new mark height"
"4694",11,2013-07-31,"pair (C. Consecutive reference)",24,"pair at different mark heights (3.20 m and 5.30 m)"
"4694",23,2019-12-05,"old",0,"entry error: below 0.75 x the tag's median (1697 mm)"
"5027",6,2010-12-15,"old",1290,"pre-relocation reference: census-1 value paired with a new value at the new mark height"
"5027",7,2011-07-04,"old",1290,"pre-relocation reference: census-1 value paired with a new value at the new mark height"
"5027",8,2011-12-30,"old",1290,"pre-relocation reference: census-1 value paired with a new value at the new mark height"
"5027",9,2012-08-03,"old",1290,"pre-relocation reference: census-1 value paired with a new value at the new mark height"
"5027",11,2013-07-31,"pair (C. Consecutive reference)",-1,"pair at different mark heights (1.40 m and 6.00 m)"
"6647",6,2010-12-06,"old",1650,"pre-relocation reference: census-1 value paired with a new value at the new mark height"
"6647",7,2011-07-01,"old",1650,"pre-relocation reference: census-1 value paired with a new value at the new mark height"
"6647",8,2011-12-30,"old",1650,"pre-relocation reference: census-1 value paired with a new value at the new mark height"
"6647",9,2012-08-01,"old",1650,"pre-relocation reference: census-1 value paired with a new value at the new mark height"
"6647",11,2013-07-30,"pair (C. Consecutive reference)",112,"pair at different mark heights (3.48 m and 6.60 m)"
"6883",6,2010-12-02,"old",1890,"pre-relocation reference: census-1 value paired with a new value at the new mark height"
"6883",7,2011-05-29,"old",1890,"pre-relocation reference: census-1 value paired with a new value at the new mark height"
"6883",24.5,2021-02-18,"old",0.1,"entry error: below 0.75 x the tag's median (1890 mm)"
"6883",25,2021-12-16,"pair (C. Consecutive reference)",70,"pair at different mark heights (3.56 m and 6.70 m)"
"7163",6,2010-11-26,"old",1670,"pre-relocation reference: census-1 value paired with a new value at the new mark height"
"7163",7,2011-05-29,"old",1670,"pre-relocation reference: census-1 value paired with a new value at the new mark height"
"7163",25,2021-12-16,"pair (C. Consecutive reference)",7,"pair at different mark heights (2.60 m and 7.40 m)"
"7772",6,2010-11-24,"old",1504,"pre-relocation reference: census-1 value paired with a new value at the new mark height"
"7772",7,2011-06-24,"old",1504,"pre-relocation reference: census-1 value paired with a new value at the new mark height"
"7772",8,2011-12-29,"old",1504,"pre-relocation reference: census-1 value paired with a new value at the new mark height"
"7772",9,2012-07-31,"old",1504,"pre-relocation reference: census-1 value paired with a new value at the new mark height"
"7772",11,2013-07-30,"pair (C. Consecutive reference)",-22,"pair at different mark heights (3.90 m and 6.70 m)"
