"tag","site","reading","mark_height","n_values","first_year","last_year","census_min","census_max","census_spread_mm","Convex hull","Binned hull, fixed angle","Binned hull, mean-distance radius","ITSMe concave hull","Circle fit (least squares)","field_in_census_range"
"2683","PaintMarker",448,1.3,14,2016,2025,415,448,33,476,462,462,463.5,436,TRUE
"180910","PaintMarker",449,1.3,4,2024,2025,440,450,10,515,509,509,507.9,488,TRUE
"2683","Dendrometer",454.1354475,1.3,14,2016,2025,415,448,33,469,459,457,457,432,FALSE
"180910","Dendrometer",458.6283484,1.3,4,2024,2025,440,450,10,492,482,482,486.6,459,FALSE
"180904","PaintMarker",464,1.3,17,2016,2025,403,464,61,507,492,493,492.4,454,TRUE
"180904","Dendrometer",474.7451587,1.3,17,2016,2025,403,464,61,518,497,496,496.6,454,FALSE
"3031","PaintMarker",730,1.3,43,2008,2025,562,743,181,738,722,722,725.3,683,TRUE
"3031","Dendrometer",749.9999095,1.3,43,2008,2025,562,743,181,754,741,741,745.9,711,FALSE
"5943","PaintMarker",969,3.2,41,2008,2025,947,1043,96,999,979,980,984.5,951,TRUE
"5943","Dendrometer",969.1781164,3.2,41,2008,2025,947,1043,96,996,976,976,981.2,946,TRUE
"4524","PaintMarker",1058,7.2,25,2010,2025,976,1200,224,1179,1127,1128,1114.6,997,TRUE
"3853","Dendrometer",1329.308486,4.3,39,2008,2025,1275,1333,58,1403,1353,1356,1372.2,1299,TRUE
"5027","PaintMarker",1365,6,27,2010,2025,1281,1365,84,1479,1429,1431,1427.2,1340,TRUE
"7772","PaintMarker",1570,6.7,27,2010,2025,1476,1570,94,1622,1600,1604,1595.4,1567,TRUE
"4146","PaintMarker",1607,6.8,18,2010,2025,1523,1621,98,1709,1654,1657,1675,1605,TRUE
"7163","PaintMarker",1752,7.4,9,2010,2025,1660,1752,92,1976,1927,1930,1891.2,1769,TRUE
"4694","PaintMarker",1879,5.3,18,2010,2025,1680,1879,199,1967,1927,1929,1876.5,1814,TRUE
"1993","PaintMarker",2133,6.9,11,2010,2025,2005,2177,172,2422,2339,2341,2331.4,2232,TRUE
