"tree_id","site","height_m","diameter_mm","field_reading_mm","flagged"
"2683","Dendrometer",0.13,459,454.1354475,FALSE
"2683","PaintMarker",0.03,462,448,FALSE
"180910","Dendrometer",0.74,482,458.6283484,FALSE
"180904","PaintMarker",0.04,492,464,FALSE
"180904","Dendrometer",0.26,497,474.7451587,FALSE
"180910","PaintMarker",0.17,509,449,FALSE
"3031","PaintMarker",0,722,730,FALSE
"3031","Dendrometer",0.44,741,749.9999095,FALSE
"5943","Dendrometer",2.28,976,969.1781164,FALSE
"5943","PaintMarker",2.15,979,969,FALSE
"4524","TopFlag",5.64,1088,NA,TRUE
"4524","PaintMarker",4.71,1127,1058,TRUE
"4524","LowerFlag",4.58,1138,NA,TRUE
"3853","Dendrometer",3.16,1353,1329.308486,FALSE
"5027","PaintMarker",5.05,1429,1365,FALSE
"5027","LowerFlag",4.89,1436,NA,FALSE
"4092","TopFlag",8.23,1580,NA,FALSE
"7772","TopFlag",5.57,1592,NA,FALSE
"7772","PaintMarker",5.43,1600,1570,FALSE
"4146","TopFlag",6.44,1623,NA,FALSE
"4146","PaintMarker",5.59,1654,1607,FALSE
"7772","LowerFlag",4.58,1666,NA,FALSE
"4694","TopFlag",3.89,1897,NA,TRUE
"6647","LowerFlag",6.22,1903,NA,TRUE
"7163","TopFlag",6.61,1914,NA,TRUE
"6883","LowerFlag",4.32,1914,NA,FALSE
"4694","PaintMarker",3.32,1927,1879,TRUE
"7163","PaintMarker",6.54,1927,1752,TRUE
"4694","LowerFlag",2.89,1963,NA,TRUE
"5926","TopFlag",6.87,1982,NA,FALSE
"7163","LowerFlag",5.59,2005,NA,FALSE
"5926","LowerFlag",5.92,2242,NA,TRUE
"1993","PaintMarker",5.77,2340,2133,FALSE
"1993","TopFlag",5.56,2377,NA,FALSE
"1993","LowerFlag",4.55,2436,NA,FALSE
"6740","TopFlag",8.4,2443,NA,FALSE
"2033","TopFlag",6.09,2584,NA,TRUE
"6740","LowerFlag",7.33,2633,NA,TRUE
"5213","TopFlag",7.36,2717,NA,TRUE
"2033","LowerFlag",5.06,2728,NA,TRUE
"5213","LowerFlag",6.4,3111,NA,TRUE
