"tree","site","size","reading","flagged","ForestScanner_est","Python_est","R_est","ForestScanner_tag","Python_tag","R_tag"
"4524","PaintMarker","DAB (above buttress)",1058,TRUE,NA,1179,1114.6,NA,"11","5"
"5027","PaintMarker","DAB (above buttress)",1365,FALSE,1190,1479,1427.2,"-13","8","5"
"7772","PaintMarker","DAB (above buttress)",1570,FALSE,95.7,1622,1595.4,"-94","3","2"
"4146","PaintMarker","DAB (above buttress)",1607,FALSE,1170,1709,1675,"-27","6","4"
"7163","PaintMarker","DAB (above buttress)",1752,FALSE,1650,1976,1891.2,"-6","13","8"
"4694","PaintMarker","DAB (above buttress)",1879,FALSE,664,1967,1876.5,"-65","5","-0"
"1993","PaintMarker","DAB (above buttress)",2133,FALSE,NA,2422,2331.4,NA,"14","9"
"2683","PaintMarker","DBH",448,FALSE,NA,476,463.5,NA,"6","3"
"180910","PaintMarker","DBH",449,FALSE,NA,515,507.9,NA,"15","13"
"2683","Dendrometer","DBH",454.1354475,FALSE,423,469,457,"-7","3","1"
"180910","Dendrometer","DBH",458.6283484,FALSE,452,492,486.6,"-1","7","6"
"180904","PaintMarker","DBH",464,FALSE,NA,507,492.4,NA,"9","6"
"180904","Dendrometer","DBH",474.7451587,FALSE,448,518,496.6,"-6","9","5"
"3031","PaintMarker","DBH",730,FALSE,NA,738,725.3,NA,"1","-1"
"3031","Dendrometer","DBH",749.9999095,FALSE,724,754,745.9,"-3","1","-1"
"5943","PaintMarker","DBH",969,FALSE,NA,999,984.5,NA,"3","2"
"5943","Dendrometer","DBH",969.1781164,FALSE,931,996,981.2,"-4","3","1"
"3853","Dendrometer","DBH",1329.308486,FALSE,972,1403,1372.2,"-27","6","3"
