"source","comparison","n_pairs","n_trees","median_years","mean_abs_mm","median_abs_mm","p90_abs_mm","max_abs_mm","mean_abs_pct","median_abs_pct","n_decreases","n_ge_30mm","n_ge_50mm","n_ge_100mm"
"census record","A. Same visit",68,11,0,19.9117647058824,13,36.7,94,2.33072278781571,1.62354511083105,20,10,6,0
"census record","B. Consecutive new",87,14,0.572210814510609,11.0689655172414,8,26.4,44,1.08665740714908,0.698757763975155,26,5,0,0
"census record","C. Consecutive reference",69,20,2.99247091033539,38.6811594202899,29,92.2,199,3.10358470418647,1.82128628343768,22,33,19,7
"scan vs field reading","ForestScanner (in-app)",11,11,NA,353.572315136364,102,1215,1474.3,22.9656770648648,6.8559826526204,11,8,6,6
"scan vs field reading","Convex hull",18,13,NA,75.6113629722222,47.62742065,151.9,289,6.85438747700989,6.29861543248289,0,13,9,5
"scan vs field reading","Binned hull, fixed angle",18,13,NA,47.1669084722222,25.845757,100.8,206,4.3021233718503,3.02485220908525,2,8,5,2
"scan vs field reading","Binned hull, mean-distance radius",18,13,NA,48.2224640277778,27.845757,102.4,208,4.35475096370041,3.1181938394524,2,8,7,2
"scan vs field reading","ITSMe concave hull",18,13,NA,43.7224640277778,26.6858258000001,89.3600000000001,198.4,4.1346897329238,3.84565433594097,3,7,6,2
"scan vs field reading","Circle fit (least squares)",18,13,NA,29.6521538722222,22.65678195,62.2,99,3.22198630299806,2.53504715420013,14,7,3,0
