"comparison","tag","census_1","census_2","date_1","date_2","height_1","height_2","value_1","value_2","diff_mm","abs_mm","abs_pct","years"
"A. Same visit","180904",16.5,16.5,2016-06-22,2016-06-22,1.3,1.3,405,403,-2,2,0.493827160493827,0
"A. Same visit","180904",20,20,2017-12-27,2017-12-27,1.3,1.3,405,418,13,13,3.20987654320988,0
"A. Same visit","180904",22,22,2018-11-06,2018-11-06,1.3,1.3,405,426,21,21,5.18518518518519,0
"A. Same visit","180904",23,23,2019-10-18,2019-10-18,1.3,1.3,405,433,28,28,6.91358024691358,0
"A. Same visit","180904",26,26,2022-12-06,2022-12-06,1.3,1.3,405,461,56,56,13.8271604938272,0
"A. Same visit","180910",27.5,27.5,2024-05-15,2024-05-15,1.3,1.3,440,450,10,10,2.27272727272727,0
"A. Same visit","2683",16.5,16.5,2016-06-29,2016-06-29,1.3,1.3,415,418,3,3,0.72289156626506,0
"A. Same visit","2683",20,20,2017-12-29,2017-12-29,1.3,1.3,415,426,11,11,2.65060240963855,0
"A. Same visit","2683",23,23,2019-12-04,2019-12-04,1.3,1.3,415,433,18,18,4.33734939759036,0
"A. Same visit","3031",1,1,2008-04-24,2008-04-24,1.3,1.3,589,562,-27,27,4.58404074702886,0
"A. Same visit","3031",6,6,2010-12-21,2010-12-21,1.3,1.3,589,605,16,16,2.71646859083192,0
"A. Same visit","3031",7,7,2011-06-17,2011-06-17,1.3,1.3,589,603,14,14,2.37691001697793,0
"A. Same visit","3031",8,8,2011-11-23,2011-11-23,1.3,1.3,589,615,26,26,4.41426146010187,0
"A. Same visit","3031",9,9,2012-06-15,2012-06-15,1.3,1.3,589,615,26,26,4.41426146010187,0
"A. Same visit","3031",10,10,2012-11-21,2012-11-21,1.3,1.3,615,625,10,10,1.6260162601626,0
"A. Same visit","3031",11,11,2013-06-12,2013-06-12,1.3,1.3,615,626,11,11,1.78861788617886,0
"A. Same visit","3031",12,12,2013-11-21,2013-11-21,1.3,1.3,626,636,10,10,1.59744408945687,0
"A. Same visit","3031",13,13,2014-05-27,2014-05-27,1.3,1.3,636,635,-1,1,0.157232704402516,0
"A. Same visit","3031",14,14,2014-11-18,2014-11-18,1.3,1.3,635,648,13,13,2.04724409448819,0
"A. Same visit","3031",15,15,2015-06-19,2015-06-19,1.3,1.3,635,650,15,15,2.36220472440945,0
"A. Same visit","3031",17,17,2016-07-28,2016-07-28,1.3,1.3,635,667,32,32,5.03937007874016,0
"A. Same visit","3031",20,20,2017-12-29,2017-12-29,1.3,1.3,667,679,12,12,1.79910044977511,0
"A. Same visit","3031",23,23,2019-11-22,2019-11-22,1.3,1.3,667,692,25,25,3.74812593703148,0
"A. Same visit","3031",29,29,2025-12-10,2025-12-10,1.3,1.3,743,730,-13,13,1.74966352624495,0
"A. Same visit","3853",1,1,2008-08-25,2008-08-25,4.3,4.3,1297,1280,-17,17,1.31071703932151,0
"A. Same visit","3853",6,6,2010-12-20,2010-12-20,4.3,4.3,1297,1275,-22,22,1.69622205088666,0
"A. Same visit","3853",7,7,2011-06-03,2011-06-03,4.3,4.3,1297,1278,-19,19,1.46491904394757,0
"A. Same visit","3853",8,8,2011-12-21,2011-12-21,4.3,4.3,1297,1279,-18,18,1.38781804163454,0
"A. Same visit","3853",9,9,2012-07-19,2012-07-19,4.3,4.3,1297,1275,-22,22,1.69622205088666,0
"A. Same visit","3853",12,12,2013-12-17,2013-12-17,4.3,4.3,1279,1290,11,11,0.860046911649726,0
"A. Same visit","3853",13,13,2014-07-02,2014-07-02,4.3,4.3,1290,1285,-5,5,0.387596899224806,0
"A. Same visit","3853",14,14,2014-12-09,2014-12-09,4.3,4.3,1285,1289,4,4,0.311284046692607,0
"A. Same visit","3853",15,15,2015-07-24,2015-07-24,4.3,4.3,1285,1289,4,4,0.311284046692607,0
"A. Same visit","3853",17,17,2016-06-28,2016-06-28,4.3,4.3,1285,1292,7,7,0.544747081712062,0
"A. Same visit","3853",28,28,2024-12-19,2024-12-19,4.3,4.3,1333,1330,-3,3,0.225056264066017,0
"A. Same visit","4524",12,12,2013-12-16,2013-12-16,7.2,7.2,987,1003,16,16,1.62107396149949,0
"A. Same visit","4524",13,13,2014-06-27,2014-06-27,7.2,7.2,1003,995,-8,8,0.797607178464606,0
"A. Same visit","4524",14,14,2014-12-04,2014-12-04,7.2,7.2,995,1010,15,15,1.50753768844221,0
"A. Same visit","4524",17,17,2016-07-20,2016-07-20,7.2,7.2,995,1001,6,6,0.603015075376884,0
"A. Same visit","4694",12,12,2013-12-13,2013-12-13,5.3,5.3,1694,1728,34,34,2.00708382526564,0
"A. Same visit","4694",13,13,2014-06-27,2014-06-27,5.3,5.3,1728,1757,29,29,1.67824074074074,0
"A. Same visit","5027",12,12,2013-12-10,2013-12-10,6,6,1289,1297,8,8,0.620636152055857,0
"A. Same visit","5027",13,13,2014-06-27,2014-06-27,6,6,1297,1293,-4,4,0.30840400925212,0
"A. Same visit","5027",14,14,2014-12-04,2014-12-04,6,6,1293,1295,2,2,0.154679040989946,0
"A. Same visit","5027",15,15,2015-07-22,2015-07-22,6,6,1293,1317,24,24,1.85614849187935,0
"A. Same visit","5027",17,17,2016-06-24,2016-06-24,6,6,1293,1306,13,13,1.00541376643465,0
"A. Same visit","5943",1,1,2008-08-05,2008-08-05,3.2,3.2,1041,947,-94,94,9.0297790585975,0
"A. Same visit","5943",6,6,2010-12-13,2010-12-13,3.2,3.2,1041,956,-85,85,8.16522574447647,0
"A. Same visit","5943",7,7,2011-05-26,2011-05-26,3.2,3.2,1041,955,-86,86,8.26128722382325,0
"A. Same visit","5943",8,8,2011-12-14,2011-12-14,3.2,3.2,1041,954,-87,87,8.35734870317003,0
"A. Same visit","5943",9,9,2012-07-10,2012-07-10,3.2,3.2,1041,957,-84,84,8.06916426512968,0
"A. Same visit","5943",10,10,2012-11-29,2012-11-29,3.2,3.2,957,959,2,2,0.208986415882968,0
"A. Same visit","5943",11,11,2013-07-02,2013-07-02,3.2,3.2,954,955,1,1,0.10482180293501,0
"A. Same visit","5943",12,12,2013-12-05,2013-12-05,3.2,3.2,955,950,-5,5,0.523560209424084,0
"A. Same visit","5943",13,13,2014-06-17,2014-06-17,3.2,3.2,950,955,5,5,0.526315789473684,0
"A. Same visit","5943",14,14,2014-12-02,2014-12-02,3.2,3.2,955,955,0,0,0,0
"A. Same visit","5943",15,15,2015-07-09,2015-07-09,3.2,3.2,955,955,0,0,0,0
"A. Same visit","5943",17,17,2016-06-08,2016-06-08,3.2,3.2,955,958,3,3,0.31413612565445,0
"A. Same visit","5943",23,23,2019-10-29,2019-10-29,3.2,3.2,958,966,8,8,0.835073068893528,0
"A. Same visit","6647",12,12,2013-12-04,2013-12-04,6.6,6.6,1762,1785,23,23,1.30533484676504,0
"A. Same visit","6647",13,13,2014-06-17,2014-06-17,6.6,6.6,1785,1828,43,43,2.40896358543417,0
"A. Same visit","6647",14,14,2014-12-02,2014-12-02,6.6,6.6,1828,1810,-18,18,0.984682713347921,0
"A. Same visit","6647",15,15,2015-07-09,2015-07-09,6.6,6.6,1828,1830,2,2,0.109409190371991,0
"A. Same visit","7772",12,12,2013-12-03,2013-12-03,6.7,6.7,1482,1511,29,29,1.95681511470985,0
"A. Same visit","7772",13,13,2014-06-11,2014-06-11,6.7,6.7,1511,1513,2,2,0.132362673726009,0
"A. Same visit","7772",14,14,2014-11-26,2014-11-26,6.7,6.7,1513,1539,26,26,1.71844018506279,0
"A. Same visit","7772",17,17,2016-05-30,2016-05-30,6.7,6.7,1513,1547,34,34,2.24719101123596,0
"A. Same visit","7772",22,22,2018-10-25,2018-10-25,6.7,6.7,1547,1560,13,13,0.840336134453782,0
"B. Consecutive new","180904",16.5,20,2016-06-22,2017-12-27,1.3,1.3,403,418,15,15,3.72208436724566,1.51403148528405
"B. Consecutive new","180904",20,22,2017-12-27,2018-11-06,1.3,1.3,418,426,8,8,1.91387559808612,0.85968514715948
"B. Consecutive new","180904",22,23,2018-11-06,2019-10-18,1.3,1.3,426,433,7,7,1.64319248826291,0.947296372347707
"B. Consecutive new","180904",23,26,2019-10-18,2022-12-06,1.3,1.3,433,461,28,28,6.46651270207852,3.13483915126626
"B. Consecutive new","1993",6,7,2010-12-23,2011-07-06,6.9,6.9,2177,2150,-27,27,1.24023886081764,0.53388090349076
"B. Consecutive new","1993",7,8,2011-07-06,2011-12-27,6.9,6.9,2150,2161,11,11,0.511627906976744,0.476386036960986
"B. Consecutive new","1993",8,9,2011-12-27,2012-08-07,6.9,6.9,2161,2133,-28,28,1.2956964368348,0.613278576317591
"B. Consecutive new","2683",16.5,20,2016-06-29,2017-12-29,1.3,1.3,418,426,8,8,1.91387559808612,1.50034223134839
"B. Consecutive new","2683",20,23,2017-12-29,2019-12-04,1.3,1.3,426,433,7,7,1.64319248826291,1.93018480492813
"B. Consecutive new","3031",1,6,2008-04-24,2010-12-21,1.3,1.3,562,605,43,43,7.65124555160142,2.65845311430527
"B. Consecutive new","3031",6,7,2010-12-21,2011-06-17,1.3,1.3,605,603,-2,2,0.330578512396694,0.487337440109514
"B. Consecutive new","3031",7,8,2011-06-17,2011-11-23,1.3,1.3,603,615,12,12,1.99004975124378,0.435318275154004
"B. Consecutive new","3031",8,9,2011-11-23,2012-06-15,1.3,1.3,615,615,0,0,0,0.561259411362081
"B. Consecutive new","3031",9,10,2012-06-15,2012-11-21,1.3,1.3,615,625,10,10,1.6260162601626,0.435318275154004
"B. Consecutive new","3031",10,11,2012-11-21,2013-06-12,1.3,1.3,625,626,1,1,0.16,0.555783709787817
"B. Consecutive new","3031",11,12,2013-06-12,2013-11-21,1.3,1.3,626,636,10,10,1.59744408945687,0.4435318275154
"B. Consecutive new","3031",12,13,2013-11-21,2014-05-27,1.3,1.3,636,635,-1,1,0.157232704402516,0.511978097193703
"B. Consecutive new","3031",13,14,2014-05-27,2014-11-18,1.3,1.3,635,648,13,13,2.04724409448819,0.479123887748118
"B. Consecutive new","3031",14,15,2014-11-18,2015-06-19,1.3,1.3,648,650,2,2,0.308641975308642,0.583162217659138
"B. Consecutive new","3031",15,17,2015-06-19,2016-07-28,1.3,1.3,650,667,17,17,2.61538461538462,1.1088295687885
"B. Consecutive new","3031",17,20,2016-07-28,2017-12-29,1.3,1.3,667,679,12,12,1.79910044977511,1.42094455852156
"B. Consecutive new","3031",20,23,2017-12-29,2019-11-22,1.3,1.3,679,692,13,13,1.91458026509573,1.89733059548255
"B. Consecutive new","3031",23,29,2019-11-22,2025-12-10,1.3,1.3,692,730,38,38,5.49132947976879,6.05065023956194
"B. Consecutive new","3853",1,6,2008-08-25,2010-12-20,4.3,4.3,1280,1275,-5,5,0.390625,2.31895961670089
"B. Consecutive new","3853",6,7,2010-12-20,2011-06-03,4.3,4.3,1275,1278,3,3,0.235294117647059,0.451745379876797
"B. Consecutive new","3853",7,8,2011-06-03,2011-12-21,4.3,4.3,1278,1279,1,1,0.0782472613458529,0.550308008213552
"B. Consecutive new","3853",8,9,2011-12-21,2012-07-19,4.3,4.3,1279,1275,-4,4,0.312744331508991,0.577686516084873
"B. Consecutive new","3853",9,10,2012-07-19,2012-12-07,4.3,4.3,1275,1277,2,2,0.156862745098039,0.386036960985626
"B. Consecutive new","3853",10,12,2012-12-07,2013-12-17,4.3,4.3,1277,1290,13,13,1.01801096319499,1.02669404517454
"B. Consecutive new","3853",12,13,2013-12-17,2014-07-02,4.3,4.3,1290,1285,-5,5,0.387596899224806,0.539356605065024
"B. Consecutive new","3853",13,14,2014-07-02,2014-12-09,4.3,4.3,1285,1289,4,4,0.311284046692607,0.438056125941136
"B. Consecutive new","3853",14,15,2014-12-09,2015-07-24,4.3,4.3,1289,1289,0,0,0,0.621492128678987
"B. Consecutive new","3853",15,17,2015-07-24,2016-06-28,4.3,4.3,1289,1292,3,3,0.232738557020946,0.930869267624914
"B. Consecutive new","3853",17,28,2016-06-28,2024-12-19,4.3,4.3,1292,1330,38,38,2.94117647058824,8.47638603696099
"B. Consecutive new","4146",6,7,2010-12-17,2011-07-05,6.8,6.8,1528,1525,-3,3,0.196335078534031,0.54757015742642
"B. Consecutive new","4146",7,8,2011-07-05,2011-12-30,6.8,6.8,1525,1532,7,7,0.459016393442623,0.487337440109514
"B. Consecutive new","4146",8,9,2011-12-30,2012-08-06,6.8,6.8,1532,1523,-9,9,0.587467362924282,0.602327173169062
"B. Consecutive new","4146",9,17,2012-08-06,2016-07-20,6.8,6.8,1523,1567,44,44,2.88903479973736,3.95345653661875
"B. Consecutive new","4524",6,7,2010-12-16,2011-07-04,7.2,7.2,976,980,4,4,0.409836065573771,0.54757015742642
"B. Consecutive new","4524",7,8,2011-07-04,2011-12-30,7.2,7.2,980,987,7,7,0.714285714285714,0.490075290896646
"B. Consecutive new","4524",8,9,2011-12-30,2012-08-03,7.2,7.2,987,984,-3,3,0.303951367781155,0.594113620807666
"B. Consecutive new","4524",9,12,2012-08-03,2013-12-16,7.2,7.2,984,1003,19,19,1.93089430894309,1.36892539356605
"B. Consecutive new","4524",12,13,2013-12-16,2014-06-27,7.2,7.2,1003,995,-8,8,0.797607178464606,0.528405201916496
"B. Consecutive new","4524",13,14,2014-06-27,2014-12-04,7.2,7.2,995,1010,15,15,1.50753768844221,0.438056125941136
"B. Consecutive new","4524",14,17,2014-12-04,2016-07-20,7.2,7.2,1010,1001,-9,9,0.891089108910891,1.62628336755647
"B. Consecutive new","4694",6,7,2010-12-16,2011-07-04,5.3,5.3,1700,1680,-20,20,1.17647058823529,0.54757015742642
"B. Consecutive new","4694",7,8,2011-07-04,2011-12-30,5.3,5.3,1680,1694,14,14,0.833333333333333,0.490075290896646
"B. Consecutive new","4694",8,9,2011-12-30,2012-08-03,5.3,5.3,1694,1708,14,14,0.826446280991736,0.594113620807666
"B. Consecutive new","4694",9,12,2012-08-03,2013-12-13,5.3,5.3,1708,1728,20,20,1.17096018735363,1.36071184120465
"B. Consecutive new","4694",12,13,2013-12-13,2014-06-27,5.3,5.3,1728,1757,29,29,1.67824074074074,0.536618754277892
"B. Consecutive new","5027",6,7,2010-12-15,2011-07-04,6,6,1300,1281,-19,19,1.46153846153846,0.550308008213552
"B. Consecutive new","5027",7,8,2011-07-04,2011-12-30,6,6,1281,1289,8,8,0.624512099921936,0.490075290896646
"B. Consecutive new","5027",8,9,2011-12-30,2012-08-03,6,6,1289,1288,-1,1,0.0775795190069822,0.594113620807666
"B. Consecutive new","5027",9,12,2012-08-03,2013-12-10,6,6,1288,1297,9,9,0.698757763975155,1.35249828884326
"B. Consecutive new","5027",12,13,2013-12-10,2014-06-27,6,6,1297,1293,-4,4,0.30840400925212,0.544832306639288
"B. Consecutive new","5027",13,14,2014-06-27,2014-12-04,6,6,1293,1295,2,2,0.154679040989946,0.438056125941136
"B. Consecutive new","5027",14,15,2014-12-04,2015-07-22,6,6,1295,1317,22,22,1.6988416988417,0.629705681040383
"B. Consecutive new","5027",15,17,2015-07-22,2016-06-24,6,6,1317,1306,-11,11,0.835231586940015,0.92539356605065
"B. Consecutive new","5943",1,6,2008-08-05,2010-12-13,3.2,3.2,947,956,9,9,0.950369588173178,2.35455167693361
"B. Consecutive new","5943",6,7,2010-12-13,2011-05-26,3.2,3.2,956,955,-1,1,0.104602510460251,0.449007529089665
"B. Consecutive new","5943",7,8,2011-05-26,2011-12-14,3.2,3.2,955,954,-1,1,0.104712041884817,0.553045859000684
"B. Consecutive new","5943",8,9,2011-12-14,2012-07-10,3.2,3.2,954,957,3,3,0.314465408805031,0.572210814510609
"B. Consecutive new","5943",9,10,2012-07-10,2012-11-29,3.2,3.2,957,959,2,2,0.208986415882968,0.388774811772758
"B. Consecutive new","5943",10,11,2012-11-29,2013-07-02,3.2,3.2,959,955,-4,4,0.417101147028154,0.588637919233402
"B. Consecutive new","5943",11,12,2013-07-02,2013-12-05,3.2,3.2,955,950,-5,5,0.523560209424084,0.427104722792608
"B. Consecutive new","5943",12,13,2013-12-05,2014-06-17,3.2,3.2,950,955,5,5,0.526315789473684,0.531143052703628
"B. Consecutive new","5943",13,14,2014-06-17,2014-12-02,3.2,3.2,955,955,0,0,0,0.459958932238193
"B. Consecutive new","5943",14,15,2014-12-02,2015-07-09,3.2,3.2,955,955,0,0,0,0.59958932238193
"B. Consecutive new","5943",15,17,2015-07-09,2016-06-08,3.2,3.2,955,958,3,3,0.31413612565445,0.917180013689254
"B. Consecutive new","5943",17,23,2016-06-08,2019-10-29,3.2,3.2,958,966,8,8,0.835073068893528,3.38945927446954
"B. Consecutive new","6647",6,7,2010-12-06,2011-07-01,6.6,6.6,1755,1763,8,8,0.455840455840456,0.566735112936345
"B. Consecutive new","6647",7,8,2011-07-01,2011-12-30,6.6,6.6,1763,1762,-1,1,0.0567214974475326,0.498288843258042
"B. Consecutive new","6647",8,9,2011-12-30,2012-08-01,6.6,6.6,1762,1774,12,12,0.681044267877412,0.588637919233402
"B. Consecutive new","6647",9,12,2012-08-01,2013-12-04,6.6,6.6,1774,1785,11,11,0.620067643742954,1.34154688569473
"B. Consecutive new","6647",12,13,2013-12-04,2014-06-17,6.6,6.6,1785,1828,43,43,2.40896358543417,0.53388090349076
"B. Consecutive new","6647",13,14,2014-06-17,2014-12-02,6.6,6.6,1828,1810,-18,18,0.984682713347921,0.459958932238193
"B. Consecutive new","6647",14,15,2014-12-02,2015-07-09,6.6,6.6,1810,1830,20,20,1.10497237569061,0.59958932238193
"B. Consecutive new","6883",6,7,2010-12-02,2011-05-29,6.7,6.7,1879,1876,-3,3,0.159659393294305,0.487337440109514
"B. Consecutive new","7163",6,7,2010-11-26,2011-05-29,7.4,7.4,1680,1660,-20,20,1.19047619047619,0.503764544832307
"B. Consecutive new","7772",6,7,2010-11-24,2011-06-24,6.7,6.7,1476,1487,11,11,0.745257452574526,0.580424366872005
"B. Consecutive new","7772",7,8,2011-06-24,2011-12-29,6.7,6.7,1487,1482,-5,5,0.336247478143914,0.514715947980835
"B. Consecutive new","7772",8,9,2011-12-29,2012-07-31,6.7,6.7,1482,1490,8,8,0.539811066126856,0.588637919233402
"B. Consecutive new","7772",9,12,2012-07-31,2013-12-03,6.7,6.7,1490,1511,21,21,1.40939597315436,1.34154688569473
"B. Consecutive new","7772",12,13,2013-12-03,2014-06-11,6.7,6.7,1511,1513,2,2,0.132362673726009,0.520191649555099
"B. Consecutive new","7772",13,14,2014-06-11,2014-11-26,6.7,6.7,1513,1539,26,26,1.71844018506279,0.459958932238193
"B. Consecutive new","7772",14,17,2014-11-26,2016-05-30,6.7,6.7,1539,1547,8,8,0.519818063677713,1.50855578370979
"B. Consecutive new","7772",17,22,2016-05-30,2018-10-25,6.7,6.7,1547,1560,13,13,0.840336134453782,2.40383299110198
"C. Consecutive reference","180904",16.5,27,2016-06-22,2023-12-01,1.3,1.3,405,461,56,56,13.8271604938272,7.44147843942505
"C. Consecutive reference","180904",27,29,2023-12-01,2025-12-10,1.3,1.3,461,464,3,3,0.650759219088937,2.02600958247776
"C. Consecutive reference","180910",27.5,28,2024-05-15,2024-11-22,1.3,1.3,440,450,10,10,2.27272727272727,0.522929500342231
"C. Consecutive reference","180910",28,29,2024-11-22,2025-12-10,1.3,1.3,450,449,-1,1,0.222222222222222,1.04859685147159
"C. Consecutive reference","1993",11,25,2013-08-01,2021-12-20,6.9,6.9,2161,2008,-153,153,7.08005552984729,8.38603696098563
"C. Consecutive reference","1993",25,29,2021-12-20,2025-12-18,6.9,6.9,2008,2005,-3,3,0.149402390438247,3.99452429842574
"C. Consecutive reference","2033",25,29,2021-12-20,2025-12-18,6.7,6.7,2160,2261,101,101,4.67592592592593,3.99452429842574
"C. Consecutive reference","2683",16.5,28,2016-06-29,2024-12-03,1.3,1.3,415,445,30,30,7.2289156626506,8.42984257357974
"C. Consecutive reference","2683",28,29,2024-12-03,2025-12-09,1.3,1.3,445,448,3,3,0.674157303370786,1.01574264202601
"C. Consecutive reference","3031",1,10,2008-04-24,2012-11-21,1.3,1.3,589,615,26,26,4.41426146010187,4.57768651608487
"C. Consecutive reference","3031",10,12,2012-11-21,2013-11-21,1.3,1.3,615,626,11,11,1.78861788617886,0.999315537303217
"C. Consecutive reference","3031",12,13,2013-11-21,2014-05-27,1.3,1.3,626,636,10,10,1.59744408945687,0.511978097193703
"C. Consecutive reference","3031",13,14,2014-05-27,2014-11-18,1.3,1.3,636,635,-1,1,0.157232704402516,0.479123887748118
"C. Consecutive reference","3031",14,18,2014-11-18,2016-12-27,1.3,1.3,635,667,32,32,5.03937007874016,2.10814510609172
"C. Consecutive reference","3031",18,25,2016-12-27,2021-12-21,1.3,1.3,667,662,-5,5,0.749625187406297,4.98288843258042
"C. Consecutive reference","3031",25,28,2021-12-21,2024-12-04,1.3,1.3,662,737,75,75,11.3293051359517,2.95414099931554
"C. Consecutive reference","3031",28,29,2024-12-04,2025-12-10,1.3,1.3,737,743,6,6,0.814111261872456,1.01574264202601
"C. Consecutive reference","3853",1,11,2008-08-25,2013-07-31,4.3,4.3,1297,1279,-18,18,1.38781804163454,4.93086926762491
"C. Consecutive reference","3853",11,13,2013-07-31,2014-07-02,4.3,4.3,1279,1290,11,11,0.860046911649726,0.919917864476386
"C. Consecutive reference","3853",13,14,2014-07-02,2014-12-09,4.3,4.3,1290,1285,-5,5,0.387596899224806,0.438056125941136
"C. Consecutive reference","3853",14,18,2014-12-09,2016-12-01,4.3,4.3,1285,1292,7,7,0.544747081712062,1.97946611909651
"C. Consecutive reference","3853",18,25,2016-12-01,2021-12-09,4.3,4.3,1292,1302,10,10,0.773993808049536,5.02121834360027
"C. Consecutive reference","3853",25,28,2021-12-09,2024-12-19,4.3,4.3,1302,1333,31,31,2.38095238095238,3.0280629705681
"C. Consecutive reference","3853",28,29,2024-12-19,2025-12-17,4.3,4.3,1333,1330,-3,3,0.225056264066017,0.993839835728953
"C. Consecutive reference","4092",1,16.5,2008-07-29,2016-06-28,3.55,3.55,1543,1473,-70,70,4.53661697990927,7.91512662559891
"C. Consecutive reference","4092",16.5,29,2016-06-28,2025-12-16,3.55,3.55,1473,1512,39,39,2.64765784114053,9.46748802190281
"C. Consecutive reference","4146",11,18,2013-07-31,2016-12-01,6.8,6.8,1532,1567,35,35,2.2845953002611,3.33744010951403
"C. Consecutive reference","4146",18,25,2016-12-01,2021-12-16,6.8,6.8,1567,1621,54,54,3.44607530312699,5.0403832991102
"C. Consecutive reference","4146",25,29,2021-12-16,2025-12-17,6.8,6.8,1621,1607,-14,14,0.863664404688464,4.00273785078713
"C. Consecutive reference","4524",12,13,2013-12-16,2014-06-27,7.2,7.2,987,1003,16,16,1.62107396149949,0.528405201916496
"C. Consecutive reference","4524",13,14,2014-06-27,2014-12-04,7.2,7.2,1003,995,-8,8,0.797607178464606,0.438056125941136
"C. Consecutive reference","4524",14,18,2014-12-04,2016-11-30,7.2,7.2,995,1001,6,6,0.603015075376884,1.99041752224504
"C. Consecutive reference","4524",18,25,2016-11-30,2021-12-16,7.2,7.2,1001,1200,199,199,19.8801198801199,5.04312114989733
"C. Consecutive reference","4524",25,29,2021-12-16,2025-12-17,7.2,7.2,1200,1058,-142,142,11.8333333333333,4.00273785078713
"C. Consecutive reference","4694",11,13,2013-07-31,2014-06-27,5.3,5.3,1694,1728,34,34,2.00708382526564,0.906228610540726
"C. Consecutive reference","4694",13,14,2014-06-27,2014-12-04,5.3,5.3,1728,1757,29,29,1.67824074074074,0.438056125941136
"C. Consecutive reference","4694",14,25,2014-12-04,2021-12-16,5.3,5.3,1757,1789,32,32,1.82128628343768,7.03353867214237
"C. Consecutive reference","4694",25,29,2021-12-16,2025-12-04,5.3,5.3,1789,1879,90,90,5.03074343208496,3.96714579055441
"C. Consecutive reference","5027",11,13,2013-07-31,2014-06-27,6,6,1289,1297,8,8,0.620636152055857,0.906228610540726
"C. Consecutive reference","5027",13,14,2014-06-27,2014-12-04,6,6,1297,1293,-4,4,0.30840400925212,0.438056125941136
"C. Consecutive reference","5027",14,18,2014-12-04,2016-11-30,6,6,1293,1306,13,13,1.00541376643465,1.99041752224504
"C. Consecutive reference","5027",18,25,2016-11-30,2021-12-16,6,6,1306,1340,34,34,2.60336906584992,5.04312114989733
"C. Consecutive reference","5027",25,29,2021-12-16,2025-12-04,6,6,1340,1365,25,25,1.86567164179104,3.96714579055441
"C. Consecutive reference","5213",1,16.5,2008-08-14,2016-06-21,1.3,1.3,2085,2130,45,45,2.15827338129496,7.85215605749487
"C. Consecutive reference","5213",16.5,29,2016-06-21,2025-12-02,1.3,1.3,2130,2100,-30,30,1.40845070422535,9.44832306639288
"C. Consecutive reference","5926",1,16.5,2008-08-05,2016-06-08,3,3,1802,1790,-12,12,0.665926748057714,7.84120465434634
"C. Consecutive reference","5926",16.5,29,2016-06-08,2025-11-21,3,3,1790,1820,30,30,1.67597765363128,9.45379876796714
"C. Consecutive reference","5943",1,10,2008-08-05,2012-11-29,3.2,3.2,1041,957,-84,84,8.06916426512968,4.31759069130732
"C. Consecutive reference","5943",10,11,2012-11-29,2013-07-02,3.2,3.2,957,954,-3,3,0.313479623824451,0.588637919233402
"C. Consecutive reference","5943",11,12,2013-07-02,2013-12-05,3.2,3.2,954,955,1,1,0.10482180293501,0.427104722792608
"C. Consecutive reference","5943",12,13,2013-12-05,2014-06-17,3.2,3.2,955,950,-5,5,0.523560209424084,0.531143052703628
"C. Consecutive reference","5943",13,14,2014-06-17,2014-12-02,3.2,3.2,950,955,5,5,0.526315789473684,0.459958932238193
"C. Consecutive reference","5943",14,18,2014-12-02,2016-11-16,3.2,3.2,955,958,3,3,0.31413612565445,1.95756331279945
"C. Consecutive reference","5943",18,25,2016-11-16,2021-12-06,3.2,3.2,958,1043,85,85,8.87265135699374,5.05407255304586
"C. Consecutive reference","5943",25,28,2021-12-06,2024-11-21,3.2,3.2,1043,969,-74,74,7.09491850431448,2.9596167008898
"C. Consecutive reference","6647",11,13,2013-07-30,2014-06-17,6.6,6.6,1762,1785,23,23,1.30533484676504,0.881587953456537
"C. Consecutive reference","6647",13,14,2014-06-17,2014-12-02,6.6,6.6,1785,1828,43,43,2.40896358543417,0.459958932238193
"C. Consecutive reference","6647",14,25,2014-12-02,2021-12-06,6.6,6.6,1828,1670,-158,158,8.64332603938731,7.01163586584531
"C. Consecutive reference","6647",25,29,2021-12-06,2025-12-16,6.6,6.6,1670,1760,90,90,5.38922155688623,4.02737850787132
"C. Consecutive reference","6740",1,16.5,2008-08-12,2016-06-09,3.08,3.08,1830,1931,101,101,5.51912568306011,7.82477754962355
"C. Consecutive reference","6740",16.5,29,2016-06-09,2025-12-16,3.08,3.08,1931,1982,51,51,2.64111859140342,9.51950718685832
"C. Consecutive reference","6883",25,29,2021-12-16,2025-12-16,6.7,6.7,1960,1850,-110,110,5.61224489795918,4
"C. Consecutive reference","7163",25,29,2021-12-16,2025-12-16,7.4,7.4,1677,1752,75,75,4.47227191413238,4
"C. Consecutive reference","7772",11,13,2013-07-30,2014-06-11,6.7,6.7,1482,1511,29,29,1.95681511470985,0.865160848733744
"C. Consecutive reference","7772",13,14,2014-06-11,2014-11-26,6.7,6.7,1511,1513,2,2,0.132362673726009,0.459958932238193
"C. Consecutive reference","7772",14,18,2014-11-26,2016-10-28,6.7,6.7,1513,1547,34,34,2.24719101123596,1.92197125256674
"C. Consecutive reference","7772",18,25,2016-10-28,2021-12-16,6.7,6.7,1547,1502,-45,45,2.90885585003232,5.13347022587269
"C. Consecutive reference","7772",25,28,2021-12-16,2024-12-13,6.7,6.7,1502,1557,55,55,3.66178428761651,2.99247091033539
"C. Consecutive reference","7772",28,29,2024-12-13,2025-12-16,6.7,6.7,1557,1570,13,13,0.834938985228003,1.00752908966461
