"tree","site","size","reading","flagged","ForestScanner_est","Python_est","R_est","Circle_est","ForestScanner_tag","Python_tag","R_tag","Circle_tag"
"2683","Dendrometer","Band (dendrometer)",454.1354475,FALSE,423,469,457,432,"-7","3","1","-5"
"180910","Dendrometer","Band (dendrometer)",458.6283484,FALSE,452,492,486.6,459,"-1","7","6","0"
"180904","Dendrometer","Band (dendrometer)",474.7451587,FALSE,448,518,496.6,454,"-6","9","5","-4"
"3031","Dendrometer","Band (dendrometer)",749.9999095,FALSE,724,754,745.9,711,"-3","1","-1","-5"
"5943","Dendrometer","Band (dendrometer)",969.1781164,FALSE,931,996,981.2,946,"-4","3","1","-2"
"3853","Dendrometer","Band (dendrometer)",1329.308486,FALSE,972,1403,1372.2,1299,"-27","6","3","-2"
"5027","DendroPaint","DAB (above buttress)",1306,FALSE,1190,1479,1427.2,1340,"-9","13","9","3"
"3853","DendroPaint","DAB (above buttress)",1330,FALSE,NA,1396,1368.5,1314,NA,"5","3","-1"
"7772","DendroPaint","DAB (above buttress)",1560,FALSE,95.7,1622,1595.4,1567,"-94","4","2","0"
"4146","DendroPaint","DAB (above buttress)",1567,FALSE,1170,1709,1675,1605,"-25","9","7","2"
"6647","DendroPaint","DAB (above buttress)",1830,TRUE,1350,1979,1823.3,1774,"-26","8","-0","-3"
"1993","DendroPaint","DAB (above buttress)",2133,FALSE,NA,2422,2331.4,2232,NA,"14","9","5"
"2683","DendroPaint","DBH (low paint mark)",433,FALSE,NA,476,463.5,436,NA,"10","7","1"
"180910","DendroPaint","DBH (low paint mark)",450,FALSE,NA,515,507.9,488,NA,"14","13","8"
"180904","DendroPaint","DBH (low paint mark)",461,FALSE,NA,507,492.4,454,NA,"10","7","-2"
"3031","DendroPaint","DBH (low paint mark)",730,FALSE,NA,738,725.3,683,NA,"1","-1","-6"
"5943","DendroPaint","DBH (low paint mark)",966,FALSE,NA,999,984.5,951,NA,"3","2","-2"
