"method","group","n","bias_mm","MAE_mm","RMSE_mm","mean_pct","MAPE","p_mm","p_pct"
"ForestScanner (in-app)","Fig noted",2,-138.5,138.5,143.228837878411,-9.321215314366,9.321215314366,NA,NA
"ForestScanner (in-app)","No fig noted",2,-1344.65,1344.65,1350.88591117089,-79.2832564414599,79.2832564414599,NA,NA
"ForestScanner (in-app)","fig minus no fig",4,1206.15,NA,NA,69.9620411270939,NA,0.166666666666667,0.166666666666667
"ForestScanner (in-app)","Fig noted, excl. 3853 Red",2,-138.5,138.5,143.228837878411,-9.321215314366,9.321215314366,NA,NA
"ForestScanner (in-app)","No fig noted, excl. 3853 Red",2,-1344.65,1344.65,1350.88591117089,-79.2832564414599,79.2832564414599,NA,NA
"ForestScanner (in-app)","fig minus no fig, excl. 3853 Red",4,1206.15,NA,NA,69.9620411270939,NA,0.166666666666667,0.166666666666667
"Convex hull","Fig noted",4,219.75,219.75,252.097699315166,19.0017520774568,19.0017520774568,NA,NA
"Convex hull","No fig noted",3,81.6666666666667,81.6666666666667,84.6029944308514,4.65378440167891,4.65378440167891,NA,NA
"Convex hull","fig minus no fig",7,138.083333333333,NA,NA,14.3479676757779,NA,0.0285714285714286,0.0285714285714286
"Convex hull","Fig noted, excl. 3853 Red",3,153,153,161.051751516917,10.857903149122,10.857903149122,NA,NA
"Convex hull","No fig noted, excl. 3853 Red",3,81.6666666666667,81.6666666666667,84.6029944308514,4.65378440167891,4.65378440167891,NA,NA
"Convex hull","fig minus no fig, excl. 3853 Red",6,71.3333333333333,NA,NA,6.20411874744313,NA,0.05,0.05
"Binned hull, fixed angle","Fig noted",4,177,177,223.317039206595,15.6410037074107,15.6410037074107,NA,NA
"Binned hull, fixed angle","No fig noted",3,49.3333333333333,49.3333333333333,51.9743526494879,2.81421701515311,2.81421701515311,NA,NA
"Binned hull, fixed angle","fig minus no fig",7,127.666666666667,NA,NA,12.8267866922576,NA,0.0857142857142857,0.0285714285714286
"Binned hull, fixed angle","Fig noted, excl. 3853 Red",3,102.666666666667,102.666666666667,114.719948860983,7.06632276465511,7.06632276465511,NA,NA
"Binned hull, fixed angle","No fig noted, excl. 3853 Red",3,49.3333333333333,49.3333333333333,51.9743526494879,2.81421701515311,2.81421701515311,NA,NA
"Binned hull, fixed angle","fig minus no fig, excl. 3853 Red",6,53.3333333333333,NA,NA,4.252105749502,NA,0.15,0.05
"Binned hull, mean-distance radius","Fig noted",4,179,179,225.024443116742,15.7957777609914,15.7957777609914,NA,NA
"Binned hull, mean-distance radius","No fig noted",3,52,52,54.2832079621928,2.97250135822964,2.97250135822964,NA,NA
"Binned hull, mean-distance radius","fig minus no fig",7,127,NA,NA,12.8232764027618,NA,0.0857142857142857,0.0285714285714286
"Binned hull, mean-distance radius","Fig noted, excl. 3853 Red",3,104.666666666667,104.666666666667,116.818948234722,7.2037464252033,7.2037464252033,NA,NA
"Binned hull, mean-distance radius","No fig noted, excl. 3853 Red",3,52,52,54.2832079621928,2.97250135822964,2.97250135822964,NA,NA
"Binned hull, mean-distance radius","fig minus no fig, excl. 3853 Red",6,52.6666666666667,NA,NA,4.23124506697366,NA,0.15,0.05
"ITSMe concave hull","Fig noted",4,164.05,164.05,215.065269162643,14.757650577155,14.757650577155,NA,NA
"ITSMe concave hull","No fig noted",3,17.8666666666667,19.5333333333334,23.0499457700013,1.07636769410358,1.16506735704486,NA,NA
"ITSMe concave hull","fig minus no fig",7,146.183333333333,NA,NA,13.6812828830515,NA,0.0285714285714286,0.0285714285714286
"ITSMe concave hull","Fig noted, excl. 3853 Red",3,86,86,93.8954027983621,5.95056616078446,5.95056616078446,NA,NA
"ITSMe concave hull","No fig noted, excl. 3853 Red",3,17.8666666666667,19.5333333333334,23.0499457700013,1.07636769410358,1.16506735704486,NA,NA
"ITSMe concave hull","fig minus no fig, excl. 3853 Red",6,68.1333333333333,NA,NA,4.87419846668088,NA,0.05,0.05
"Circle fit (least squares)","Fig noted",4,72.5,115.5,182.699206347483,7.62458790145845,11.4231365487784,NA,NA
"Circle fit (least squares)","No fig noted",3,-24,24,37.6386326354541,-1.29254746151015,1.29254746151015,NA,NA
"Circle fit (least squares)","fig minus no fig",7,96.5,NA,NA,8.9171353629686,NA,0.285714285714286,0.4
"Circle fit (least squares)","Fig noted, excl. 3853 Red",3,-23,34.3333333333333,39.3064880140671,-2.20892588664554,2.85580564311434,NA,NA
"Circle fit (least squares)","No fig noted, excl. 3853 Red",3,-24,24,37.6386326354541,-1.29254746151015,1.29254746151015,NA,NA
"Circle fit (least squares)","fig minus no fig, excl. 3853 Red",6,1,NA,NA,-0.916378425135394,NA,0.5,0.7
