"tree","site","size","reading","true_hull_est","bin_hull_FixedAngle_est","bin_hull_MeanDistanceRadius_est","Circle_est","true_hull_tag","bin_hull_FixedAngle_tag","bin_hull_MeanDistanceRadius_tag","Circle_tag"
"2683","Dendrometer","Band (dendrometer)",454.1354475,469,459,457,432,"3","1","1","-5"
"180910","Dendrometer","Band (dendrometer)",458.6283484,492,482,482,459,"7","5","5","0"
"180904","Dendrometer","Band (dendrometer)",474.7451587,518,497,496,454,"9","5","4","-4"
"3031","Dendrometer","Band (dendrometer)",749.9999095,754,741,741,711,"1","-1","-1","-5"
"5943","Dendrometer","Band (dendrometer)",969.1781164,996,976,976,946,"3","1","1","-2"
"3853","Dendrometer","Band (dendrometer)",1329.308486,1403,1353,1356,1299,"6","2","2","-2"
"5027","DendroPaint","DAB (above buttress)",1306,1479,1429,1431,1340,"13","9","10","3"
"3853","DendroPaint","DAB (above buttress)",1330,1396,1359,1361,1314,"5","2","2","-1"
"7772","DendroPaint","DAB (above buttress)",1560,1622,1600,1604,1567,"4","3","3","0"
"4146","DendroPaint","DAB (above buttress)",1567,1709,1654,1657,1605,"9","6","6","2"
"6647","DendroPaint","DAB (above buttress)",1830,1979,1948,1950,1774,"8","6","7","-3"
"1993","DendroPaint","DAB (above buttress)",2133,2422,2339,2341,2232,"14","10","10","5"
"2683","DendroPaint","DBH (low paint mark)",433,476,462,462,436,"10","7","7","1"
"180910","DendroPaint","DBH (low paint mark)",450,515,509,509,488,"14","13","13","8"
"180904","DendroPaint","DBH (low paint mark)",461,507,492,493,454,"10","7","7","-2"
"3031","DendroPaint","DBH (low paint mark)",730,738,722,722,683,"1","-1","-1","-6"
"5943","DendroPaint","DBH (low paint mark)",966,999,979,980,951,"3","1","1","-2"
