"tree","site","size","reading","true_hull_est","bin_hull_FixedAngle_est","bin_hull_MeanDistanceRadius_est","true_hull_tag","bin_hull_FixedAngle_tag","bin_hull_MeanDistanceRadius_tag"
"4524","PaintMarker","DAB (above buttress)",1058,1179,1127,1128,"11","7","7"
"5027","PaintMarker","DAB (above buttress)",1365,1479,1429,1431,"8","5","5"
"7772","PaintMarker","DAB (above buttress)",1570,1622,1600,1605,"3","2","2"
"4146","PaintMarker","DAB (above buttress)",1607,1709,1654,1657,"6","3","3"
"7163","PaintMarker","DAB (above buttress)",1752,1976,1927,1930,"13","10","10"
"4694","PaintMarker","DAB (above buttress)",1879,1967,1927,1929,"5","3","3"
"1993","PaintMarker","DAB (above buttress)",2133,2422,2340,2342,"14","10","10"
"2683","PaintMarker","DBH",448,476,462,462,"6","3","3"
"180910","PaintMarker","DBH",449,515,509,509,"15","13","13"
"2683","Dendrometer","DBH",454.1354475,469,459,457,"3","1","1"
"180910","Dendrometer","DBH",458.6283484,492,482,482,"7","5","5"
"180904","PaintMarker","DBH",464,507,492,493,"9","6","6"
"180904","Dendrometer","DBH",474.7451587,518,497,496,"9","5","4"
"3031","PaintMarker","DBH",730,738,722,722,"1","-1","-1"
"3031","Dendrometer","DBH",749.9999095,754,741,741,"1","-1","-1"
"5943","PaintMarker","DBH",969,999,979,980,"3","1","1"
"5943","Dendrometer","DBH",969.1781164,996,976,976,"3","1","1"
"3853","Dendrometer","DBH",1329.308486,1403,1353,1356,"6","2","2"
