"tree","site","variant","true_est","bin_est","diff_mm","pct_diff","true_flagged","bin_flagged"
"1993","TopFlag","FixedAngle",2450,2377,-73,-2.97959183673469,FALSE,FALSE
"2033","TopFlag","FixedAngle",2653,2584,-69,-2.60082924990577,TRUE,TRUE
"4092","TopFlag","FixedAngle",1640,1580,-60,-3.65853658536585,FALSE,FALSE
"4146","TopFlag","FixedAngle",1668,1623,-45,-2.69784172661871,FALSE,FALSE
"4524","TopFlag","FixedAngle",1133,1088,-45,-3.97175639894086,FALSE,TRUE
"4694","TopFlag","FixedAngle",1946,1897,-49,-2.51798561151079,FALSE,TRUE
"5213","TopFlag","FixedAngle",2986,2717,-269,-9.00870730073677,TRUE,TRUE
"5926","TopFlag","FixedAngle",2021,1982,-39,-1.92973775358733,FALSE,FALSE
"6740","TopFlag","FixedAngle",2543,2443,-100,-3.93236335037357,FALSE,FALSE
"7163","TopFlag","FixedAngle",1962,1914,-48,-2.44648318042813,FALSE,TRUE
"7772","TopFlag","FixedAngle",1612,1592,-20,-1.24069478908189,FALSE,FALSE
"1993","LowerFlag","FixedAngle",2524,2436,-88,-3.486529318542,FALSE,FALSE
"2033","LowerFlag","FixedAngle",2798,2728,-70,-2.50178699070765,TRUE,TRUE
"4524","LowerFlag","FixedAngle",1172,1138,-34,-2.90102389078498,TRUE,TRUE
"4694","LowerFlag","FixedAngle",2004,1963,-41,-2.04590818363273,TRUE,TRUE
"5027","LowerFlag","FixedAngle",1495,1436,-59,-3.94648829431438,FALSE,FALSE
"5213","LowerFlag","FixedAngle",3324,3111,-213,-6.40794223826715,TRUE,TRUE
"5926","LowerFlag","FixedAngle",2270,2242,-28,-1.23348017621145,TRUE,TRUE
"6647","LowerFlag","FixedAngle",1945,1903,-42,-2.15938303341902,TRUE,TRUE
"6740","LowerFlag","FixedAngle",2760,2633,-127,-4.60144927536232,TRUE,TRUE
"6883","LowerFlag","FixedAngle",1965,1914,-51,-2.59541984732824,FALSE,FALSE
"7163","LowerFlag","FixedAngle",2068,2005,-63,-3.04642166344294,FALSE,FALSE
"7772","LowerFlag","FixedAngle",1722,1666,-56,-3.2520325203252,TRUE,FALSE
"1993","PaintMarker","FixedAngle",2422,2340,-82,-3.38563170933113,FALSE,FALSE
"4146","PaintMarker","FixedAngle",1709,1654,-55,-3.2182562902282,FALSE,FALSE
"4524","PaintMarker","FixedAngle",1179,1127,-52,-4.41051738761662,TRUE,TRUE
"4694","PaintMarker","FixedAngle",1967,1927,-40,-2.03355363497712,FALSE,TRUE
"5027","PaintMarker","FixedAngle",1479,1429,-50,-3.38066260987153,FALSE,FALSE
"7163","PaintMarker","FixedAngle",1976,1927,-49,-2.47975708502024,FALSE,TRUE
"7772","PaintMarker","FixedAngle",1622,1600,-22,-1.35635018495684,FALSE,FALSE
"2683","PaintMarker","FixedAngle",476,462,-14,-2.94117647058824,FALSE,FALSE
"3031","PaintMarker","FixedAngle",738,722,-16,-2.1680216802168,FALSE,FALSE
"180910","PaintMarker","FixedAngle",515,509,-6,-1.16504854368932,FALSE,FALSE
"180904","PaintMarker","FixedAngle",507,492,-15,-2.9585798816568,FALSE,FALSE
"5943","PaintMarker","FixedAngle",999,979,-20,-2.002002002002,FALSE,FALSE
"2683","Dendrometer","FixedAngle",469,459,-10,-2.13219616204691,FALSE,FALSE
"3031","Dendrometer","FixedAngle",754,741,-13,-1.72413793103448,FALSE,FALSE
"3853","Dendrometer","FixedAngle",1403,1353,-50,-3.56379187455453,FALSE,FALSE
"180910","Dendrometer","FixedAngle",492,482,-10,-2.03252032520325,FALSE,FALSE
"180904","Dendrometer","FixedAngle",518,497,-21,-4.05405405405405,FALSE,FALSE
"5943","Dendrometer","FixedAngle",996,976,-20,-2.00803212851406,FALSE,FALSE
"1993","TopFlag","MeanDistanceRadius",2450,2382,-68,-2.77551020408163,FALSE,FALSE
"2033","TopFlag","MeanDistanceRadius",2653,2590,-63,-2.37467018469657,TRUE,TRUE
"4092","TopFlag","MeanDistanceRadius",1640,1582,-58,-3.53658536585366,FALSE,FALSE
"4146","TopFlag","MeanDistanceRadius",1668,1626,-42,-2.51798561151079,FALSE,FALSE
"4524","TopFlag","MeanDistanceRadius",1133,1088,-45,-3.97175639894086,FALSE,FALSE
"4694","TopFlag","MeanDistanceRadius",1946,1899,-47,-2.41521068859198,FALSE,TRUE
"5213","TopFlag","MeanDistanceRadius",2986,2790,-196,-6.56396517079705,TRUE,TRUE
"5926","TopFlag","MeanDistanceRadius",2021,1990,-31,-1.53389411182583,FALSE,FALSE
"6740","TopFlag","MeanDistanceRadius",2543,2465,-78,-3.06724341329139,FALSE,FALSE
"7163","TopFlag","MeanDistanceRadius",1962,1919,-43,-2.19164118246687,FALSE,TRUE
"7772","TopFlag","MeanDistanceRadius",1612,1593,-19,-1.17866004962779,FALSE,FALSE
"1993","LowerFlag","MeanDistanceRadius",2524,2446,-78,-3.09033280507132,FALSE,FALSE
"2033","LowerFlag","MeanDistanceRadius",2798,2731,-67,-2.39456754824875,TRUE,TRUE
"4524","LowerFlag","MeanDistanceRadius",1172,1140,-32,-2.73037542662116,TRUE,TRUE
"4694","LowerFlag","MeanDistanceRadius",2004,1964,-40,-1.99600798403194,TRUE,TRUE
"5027","LowerFlag","MeanDistanceRadius",1495,1439,-56,-3.74581939799331,FALSE,FALSE
"5213","LowerFlag","MeanDistanceRadius",3324,3129,-195,-5.86642599277978,TRUE,TRUE
"5926","LowerFlag","MeanDistanceRadius",2270,2240,-30,-1.3215859030837,TRUE,TRUE
"6647","LowerFlag","MeanDistanceRadius",1945,1906,-39,-2.00514138817481,TRUE,TRUE
"6740","LowerFlag","MeanDistanceRadius",2760,2654,-106,-3.84057971014493,TRUE,TRUE
"6883","LowerFlag","MeanDistanceRadius",1965,1916,-49,-2.49363867684478,FALSE,FALSE
"7163","LowerFlag","MeanDistanceRadius",2068,2010,-58,-2.80464216634429,FALSE,FALSE
"7772","LowerFlag","MeanDistanceRadius",1722,1670,-52,-3.01974448315912,TRUE,FALSE
"1993","PaintMarker","MeanDistanceRadius",2422,2342,-80,-3.30305532617671,FALSE,FALSE
"4146","PaintMarker","MeanDistanceRadius",1709,1657,-52,-3.04271503803394,FALSE,FALSE
"4524","PaintMarker","MeanDistanceRadius",1179,1128,-51,-4.32569974554707,TRUE,TRUE
"4694","PaintMarker","MeanDistanceRadius",1967,1929,-38,-1.93187595322827,FALSE,FALSE
"5027","PaintMarker","MeanDistanceRadius",1479,1431,-48,-3.24543610547667,FALSE,FALSE
"7163","PaintMarker","MeanDistanceRadius",1976,1930,-46,-2.32793522267206,FALSE,TRUE
"7772","PaintMarker","MeanDistanceRadius",1622,1605,-17,-1.04808877928483,FALSE,FALSE
"2683","PaintMarker","MeanDistanceRadius",476,462,-14,-2.94117647058824,FALSE,FALSE
"3031","PaintMarker","MeanDistanceRadius",738,722,-16,-2.1680216802168,FALSE,FALSE
"180910","PaintMarker","MeanDistanceRadius",515,509,-6,-1.16504854368932,FALSE,FALSE
"180904","PaintMarker","MeanDistanceRadius",507,493,-14,-2.76134122287968,FALSE,FALSE
"5943","PaintMarker","MeanDistanceRadius",999,980,-19,-1.9019019019019,FALSE,FALSE
"2683","Dendrometer","MeanDistanceRadius",469,457,-12,-2.55863539445629,FALSE,FALSE
"3031","Dendrometer","MeanDistanceRadius",754,741,-13,-1.72413793103448,FALSE,FALSE
"3853","Dendrometer","MeanDistanceRadius",1403,1356,-47,-3.34996436208125,FALSE,FALSE
"180910","Dendrometer","MeanDistanceRadius",492,482,-10,-2.03252032520325,FALSE,FALSE
"180904","Dendrometer","MeanDistanceRadius",518,496,-22,-4.24710424710425,FALSE,FALSE
"5943","Dendrometer","MeanDistanceRadius",996,976,-20,-2.00803212851406,FALSE,FALSE
