"tree","method","same_slice","y_red","y_blue","field_red","field_red_date","field_blue","field_blue_date","field_blue_minus_red","est_red_slice","est_blue_slice","red_slice_vs_red_field","red_slice_vs_blue_field","blue_slice_vs_blue_field","blue_slice_vs_red_field"
"2683","ForestScanner (in-app)",TRUE,0.03,0.03,448,"2023-05-03",433,"2019-12-04",-15,NA,NA,NA,NA,NA,NA
"2683","Convex hull",TRUE,0.03,0.03,448,"2023-05-03",433,"2019-12-04",-15,476,476,28,43,43,28
"2683","Binned hull, fixed angle",TRUE,0.03,0.03,448,"2023-05-03",433,"2019-12-04",-15,462,462,14,29,29,14
"2683","Binned hull, mean-distance radius",TRUE,0.03,0.03,448,"2023-05-03",433,"2019-12-04",-15,462,462,14,29,29,14
"2683","ITSMe concave hull",TRUE,0.03,0.03,448,"2023-05-03",433,"2019-12-04",-15,463.5,463.5,15.5,30.5,30.5,15.5
"2683","Circle fit (least squares)",TRUE,0.03,0.03,448,"2023-05-03",433,"2019-12-04",-15,436,436,-12,3,3,-12
"3853","ForestScanner (in-app)",FALSE,3.46,2.98,967,"2023-05-18",1330,"2024-12-19",363,NA,NA,NA,NA,NA,NA
"3853","Convex hull",FALSE,3.46,2.98,967,"2023-05-18",1330,"2024-12-19",363,1387,1396,420,57,66,429
"3853","Binned hull, fixed angle",FALSE,3.46,2.98,967,"2023-05-18",1330,"2024-12-19",363,1367,1359,400,37,29,392
"3853","Binned hull, mean-distance radius",FALSE,3.46,2.98,967,"2023-05-18",1330,"2024-12-19",363,1369,1361,402,39,31,394
"3853","ITSMe concave hull",FALSE,3.46,2.98,967,"2023-05-18",1330,"2024-12-19",363,1365.2,1368.5,398.2,35.2,38.5,401.5
"3853","Circle fit (least squares)",FALSE,3.46,2.98,967,"2023-05-18",1330,"2024-12-19",363,1326,1314,359,-4,-16,347
"5027","ForestScanner (in-app)",TRUE,5.05,5.05,1365,"2023-06-26",1306,"2016-06-24",-59,1190,1190,-175,-116,-116,-175
"5027","Convex hull",TRUE,5.05,5.05,1365,"2023-06-26",1306,"2016-06-24",-59,1479,1479,114,173,173,114
"5027","Binned hull, fixed angle",TRUE,5.05,5.05,1365,"2023-06-26",1306,"2016-06-24",-59,1429,1429,64,123,123,64
"5027","Binned hull, mean-distance radius",TRUE,5.05,5.05,1365,"2023-06-26",1306,"2016-06-24",-59,1431,1431,66,125,125,66
"5027","ITSMe concave hull",TRUE,5.05,5.05,1365,"2023-06-26",1306,"2016-06-24",-59,1427.2,1427.2,62.2,121.2,121.2,62.2
"5027","Circle fit (least squares)",TRUE,5.05,5.05,1365,"2023-06-26",1306,"2016-06-24",-59,1340,1340,-25,34,34,-25
"6647","ForestScanner (in-app)",FALSE,6.78,5.72,1760,"2023-12-11",1830,"2015-07-09",70,NA,1350,NA,NA,-480,-410
"6647","Convex hull",FALSE,6.78,5.72,1760,"2023-12-11",1830,"2015-07-09",70,1865,1979,105,35,149,219
"6647","Binned hull, fixed angle",FALSE,6.78,5.72,1760,"2023-12-11",1830,"2015-07-09",70,1830,1948,70,0,118,188
"6647","Binned hull, mean-distance radius",FALSE,6.78,5.72,1760,"2023-12-11",1830,"2015-07-09",70,1832,1950,72,2,120,190
"6647","ITSMe concave hull",FALSE,6.78,5.72,1760,"2023-12-11",1830,"2015-07-09",70,1790.7,1823.3,30.7,-39.3,-6.70000000000005,63.3
"6647","Circle fit (least squares)",FALSE,6.78,5.72,1760,"2023-12-11",1830,"2015-07-09",70,1756,1774,-4,-74,-56,14
"7772","ForestScanner (in-app)",TRUE,5.43,5.43,1570,"2022-11-08",1560,"2018-10-25",-10,95.7,95.7,-1474.3,-1464.3,-1464.3,-1474.3
"7772","Convex hull",TRUE,5.43,5.43,1570,"2022-11-08",1560,"2018-10-25",-10,1622,1622,52,62,62,52
"7772","Binned hull, fixed angle",TRUE,5.43,5.43,1570,"2022-11-08",1560,"2018-10-25",-10,1600,1600,30,40,40,30
"7772","Binned hull, mean-distance radius",TRUE,5.43,5.43,1570,"2022-11-08",1560,"2018-10-25",-10,1604,1604,34,44,44,34
"7772","ITSMe concave hull",TRUE,5.43,5.43,1570,"2022-11-08",1560,"2018-10-25",-10,1595.4,1595.4,25.4000000000001,35.4000000000001,35.4000000000001,25.4000000000001
"7772","Circle fit (least squares)",TRUE,5.43,5.43,1570,"2022-11-08",1560,"2018-10-25",-10,1567,1567,-3,7,7,-3
